Model,Test MAE (kWh),Test RMSE (kWh),Test R²,Test WAPE (%),Training Time (s)
Ridge Regression,26.167486861211163,32.83976547236075,-1.021722349865677,81.20081404875202,0.0010988712310791016
XGBoost,27.377864625732347,33.6504489280309,-1.1227709873092526,84.9567597498777,0.3589489459991455
Gradient Boosting,27.80115114814101,34.59078917136797,-1.2430675834219014,86.27026801216321,3.697049140930176
Random Forest,30.620280280468148,37.30407003113135,-1.6087583603014677,95.01835993507709,0.5452530384063721
